USE vec_cgts;

-- ----------------------------------------------------------------
-- SLA Steps (ขั้นตอนและกรอบเวลา)
-- ----------------------------------------------------------------
INSERT INTO sla_steps (step_key, label, days_allowed, sort_order, note) VALUES
  ('receive',      'รับเรื่อง',             1,  10, 'นับจากวันที่ประชาชนยื่นเรื่อง'),
  ('propose_dir',  'เสนอ ผอ.สำนัก',        2,  20, 'เสนอผู้อำนวยการสำนักอำนวยการพิจารณา'),
  ('propose_group','เสนอ ผอ.กลุ่ม',        1,  25, 'เจ้าหน้าที่เสนอเรื่องต่อผู้อำนวยการกลุ่ม'),
  ('assign',       'มอบหมายนิติกร',          1,  30, 'มอบหมายเจ้าหน้าที่นิติกรเจ้าของเรื่อง'),
  ('investigate',  'ตรวจข้อเท็จจริง',       15, 40, 'นิติกรดำเนินการตรวจสอบและรวบรวมพยานหลักฐาน'),
  ('propose_boss', 'เสนอผู้บังคับบัญชา',    5,  50, 'เสนอสายบังคับบัญชาเพื่อพิจารณาสั่งการ'),
  ('order',        'ออกคำสั่ง',             3,  60, 'ออกหนังสือคำสั่ง/แจ้งผลการพิจารณา')
ON DUPLICATE KEY UPDATE label=VALUES(label), days_allowed=VALUES(days_allowed),
  sort_order=VALUES(sort_order), note=VALUES(note);

-- ----------------------------------------------------------------
-- Officers (นิติกร)
-- ----------------------------------------------------------------
INSERT INTO officers (id, name, job_title, duty, group_name, init, active) VALUES
('o1', 'นางสาวเยาวริดา พิณสายแก้ว',      'นิติกรชำนาญการพิเศษ',      NULL,                                                                                          'กลุ่มงานกฎหมายและระเบียบ', 'ยร', 0),
('o2', 'นายณวณ เจริญหลาย',               'นิติกรปฏิบัติการ',          'ผู้อำนวยการกลุ่มงานนิติกรรมสัญญาและคดี',                                                     'กลุ่มงานกฎหมายและระเบียบ', 'ณว', 1),
('o3', 'นายศิวกร เพ็ชรสีเงิน',            'นิติกรปฏิบัติการ',          'ผู้อำนวยการกลุ่มงานพัฒนากฎหมาย',                                                             'กลุ่มงานกฎหมายและระเบียบ', 'ศก', 1),
('o4', 'นางสาวภานิชา จันทราทิพย์',        'นิติกรปฏิบัติการ',          NULL,                                                                                          'กลุ่มงานกฎหมายและระเบียบ', 'ภน', 1),
('o5', 'นางสาวจิดาภา ทองศรีสังข์',        'พนักงานบริหารทั่วไป',       NULL,                                                                                          'กลุ่มงานวินัย',             'จด', 1),
('o6', 'นางสาวกาญจนา อนันต์โท',           'พนักงานบริหารทั่วไป',       NULL,                                                                                          'กลุ่มงานวินัย',             'กญ', 1),
('o7', 'นางสาวโชติกา วิริยะจีระพิพัฒน์', 'พนักงานบริหารทั่วไป',       NULL,                                                                                          'กลุ่มงานวินัย',             'ชก', 1),
('o8', 'นายวรวุฒิ ดำขำ',                  'นิติกรชำนาญการพิเศษ',       'ผู้อำนวยการสำนักนิติการ / ผู้อำนวยการกลุ่มงานวินัย อุทธรณ์ ร้องทุกข์',                    'กลุ่มงานวินัย',             'วว', 1),
('o9', 'นางสาวกรกรรณ ใยชันธ์',            'นิติกรปฏิบัติการ',          NULL,                                                                                          'กลุ่มงานวินัย',             'กก', 1)
ON DUPLICATE KEY UPDATE name=VALUES(name), job_title=VALUES(job_title), duty=VALUES(duty), group_name=VALUES(group_name), init=VALUES(init), active=VALUES(active);

-- ----------------------------------------------------------------
-- Users (บัญชีผู้ใช้งาน) — password = "password" (bcrypt)
-- ----------------------------------------------------------------
INSERT INTO users (username, password_hash, display_name, role, init, officer_id, can_manage_users) VALUES
('admin',       '$2y$12$K9qBp8lqXtbr6ek2PcCRSOoCQ3f9MFXqWqeGnxJLa7sVmNyqFwYxy', 'ผู้ดูแลระบบ',                         'admin',            'AD', NULL, 1),
('yospol',      '$2y$12$K9qBp8lqXtbr6ek2PcCRSOoCQ3f9MFXqWqeGnxJLa7sVmNyqFwYxy', 'นายยศพล เวณุโกเศศ',                   'secretary',        'ยศ', NULL, 0),
('withawat',    '$2y$12$K9qBp8lqXtbr6ek2PcCRSOoCQ3f9MFXqWqeGnxJLa7sVmNyqFwYxy', 'นายวิทวัส ปัญจมะวัต',                 'deputy_secretary', 'วท', NULL, 0),
('sanga',       '$2y$12$K9qBp8lqXtbr6ek2PcCRSOoCQ3f9MFXqWqeGnxJLa7sVmNyqFwYxy', 'นายสง่า แต่เชื้อสาย',                 'deputy_secretary', 'สง', NULL, 0),
('narongchai',  '$2y$12$K9qBp8lqXtbr6ek2PcCRSOoCQ3f9MFXqWqeGnxJLa7sVmNyqFwYxy', 'นายณรงค์ชัย เจริญรุจิทรัพย์',        'deputy_secretary', 'ณช', NULL, 0),
('dir_admin',   '$2y$12$K9qBp8lqXtbr6ek2PcCRSOoCQ3f9MFXqWqeGnxJLa7sVmNyqFwYxy', 'ผู้อำนวยการสำนักอำนวยการ',           'dir_admin',        'ผอ', NULL, 0),
('wornwut',     '$2y$12$K9qBp8lqXtbr6ek2PcCRSOoCQ3f9MFXqWqeGnxJLa7sVmNyqFwYxy', 'นายวรวุฒิ ดำขำ',                     'dir_legal',        'วว', 'o8', 0),
('yawrata',     '$2y$12$K9qBp8lqXtbr6ek2PcCRSOoCQ3f9MFXqWqeGnxJLa7sVmNyqFwYxy', 'นางสาวเยาวริดา พิณสายแก้ว',          'officer',          'ยร', 'o1', 0),
('nawan',       '$2y$12$K9qBp8lqXtbr6ek2PcCRSOoCQ3f9MFXqWqeGnxJLa7sVmNyqFwYxy', 'นายณวณ เจริญหลาย',                   'officer',          'ณว', 'o2', 0),
('siwakorn',    '$2y$12$K9qBp8lqXtbr6ek2PcCRSOoCQ3f9MFXqWqeGnxJLa7sVmNyqFwYxy', 'นายศิวกร เพ็ชรสีเงิน',               'officer',          'ศก', 'o3', 0),
('panisa',      '$2y$12$K9qBp8lqXtbr6ek2PcCRSOoCQ3f9MFXqWqeGnxJLa7sVmNyqFwYxy', 'นางสาวภานิชา จันทราทิพย์',           'officer',          'ภน', 'o4', 0),
('jidapa',      '$2y$12$K9qBp8lqXtbr6ek2PcCRSOoCQ3f9MFXqWqeGnxJLa7sVmNyqFwYxy', 'นางสาวจิดาภา ทองศรีสังข์',           'officer',          'จด', 'o5', 0),
('kanjana',     '$2y$12$K9qBp8lqXtbr6ek2PcCRSOoCQ3f9MFXqWqeGnxJLa7sVmNyqFwYxy', 'นางสาวกาญจนา อนันต์โท',              'officer',          'กญ', 'o6', 0),
('chotika',     '$2y$12$K9qBp8lqXtbr6ek2PcCRSOoCQ3f9MFXqWqeGnxJLa7sVmNyqFwYxy', 'นางสาวโชติกา วิริยะจีระพิพัฒน์',    'officer',          'ชก', 'o7', 0),
('korrakarn',   '$2y$12$K9qBp8lqXtbr6ek2PcCRSOoCQ3f9MFXqWqeGnxJLa7sVmNyqFwYxy', 'นางสาวกรกรรณ ใยชันธ์',               'officer',          'กก', 'o9', 0)
ON DUPLICATE KEY UPDATE display_name=VALUES(display_name), role=VALUES(role), init=VALUES(init), officer_id=VALUES(officer_id), can_manage_users=VALUES(can_manage_users);

-- ----------------------------------------------------------------
-- Cases (สำนวน)
-- ----------------------------------------------------------------
INSERT INTO cases (id, reg_number, subject, track, cat, channel, cls, status, priority, anon, complainant, contact, agency, detail, assignee_id, sla, progress, received_date, due_date) VALUES
('CMP-2568-0142','นต ๖๘/๐๔๒',
 'ร้องเรียนการจัดซื้อครุภัณฑ์ไม่โปร่งใส วิทยาลัยเทคนิคแห่งหนึ่ง',
 'discipline','งานร้องเรียน','เว็บไซต์ (ยืนยันตัวตน)','restricted',
 'investigating','เร่งด่วน',0,'นายอนุชา ผู้ห่วงใย','anucha•••@email.com',
 'วิทยาลัยเทคนิคนครหลวง',
 'ผู้ร้องระบุว่ากระบวนการจัดซื้อครุภัณฑ์การศึกษา วงเงิน 4.2 ล้านบาท มีการล็อกสเปกและเอื้อประโยชน์ต่อผู้เสนอราคารายหนึ่ง พร้อมแนบสำเนาเอกสาร TOR และภาพถ่ายประกอบ',
 'o2','a',62,'2025-05-02','2025-06-16'),

('CMP-2568-0151','นต ๖๘/๐๕๑',
 'ร้องทุกข์ขอความเป็นธรรมกรณีการแต่งตั้งโยกย้าย',
 'discipline','งานร้องทุกข์','หนังสือราชการ','internal',
 'assigned','ปกติ',0,'นางสาวพิมพ์ใจ ตั้งมั่น','02-xxx-xx21',
 'วิทยาลัยอาชีวศึกษาภาคกลาง',
 'ผู้ร้องทุกข์ขอให้ทบทวนคำสั่งย้าย โดยอ้างว่าไม่ได้รับความเป็นธรรมและไม่เป็นไปตามหลักเกณฑ์',
 'o1','g',35,'2025-05-10','2025-06-24'),

('CMP-2568-0133','นต ๖๘/๐๓๓',
 'ตรวจร่างสัญญาจ้างเหมาบริการระบบสารสนเทศ',
 'legal','นิติกรรมสัญญา','หนังสือราชการ','internal',
 'reporting','ปกติ',0,'กลุ่มบริหารงานทั่วไป สอศ.','internal',
 'สำนักอำนวยการ',
 'ขอให้กลุ่มนิติการตรวจพิจารณาร่างสัญญาจ้างเหมาบริการ และให้ความเห็นทางกฎหมายก่อนลงนาม',
 'o4','g',88,'2025-04-22','2025-06-05'),

('CMP-2568-0148','—',
 'แจ้งเบาะแสการทุจริตการเบิกจ่ายค่าใช้จ่ายเดินทาง (ไม่ประสงค์ออกนาม)',
 'discipline','งานร้องเรียน','เว็บไซต์ (ไม่ประสงค์ออกนาม)','restricted',
 'screening','เร่งด่วน',1,'ไม่ประสงค์ออกนาม','ช่องทางติดต่อ: อีเมลนิรนาม',
 'อยู่ระหว่างคัดกรอง',
 'ผู้แจ้งเบาะแสระบุพฤติการณ์การเบิกค่าเดินทางซ้ำซ้อน อยู่ระหว่างการคัดกรองความน่าเชื่อถือและความเสี่ยง',
 NULL,'a',8,'2025-05-18',NULL),

('CMP-2568-0119','นต ๖๘/๐๑๙',
 'หารือข้อกฎหมายการลงโทษทางวินัยนักศึกษา',
 'legal','ระเบียบ/กฎหมาย/คำสั่ง','หนังสือราชการ','internal',
 'closed','ปกติ',0,'วิทยาลัยการอาชีพ','internal',
 'วิทยาลัยการอาชีพเขตพื้นที่',
 'หารือแนวทางการบังคับใช้ระเบียบกระทรวงฯ ในการลงโทษทางวินัย ดำเนินการแล้วเสร็จและออกบันทึกตอบข้อหารือ',
 'o3','g',100,'2025-03-30','2025-05-14'),

('CMP-2568-0156','นต ๖๘/๐๕๖',
 'ความรับผิดทางละเมิดกรณีทรัพย์สินราชการเสียหาย',
 'legal','ความรับผิดทางละเมิด','หนังสือราชการ','restricted',
 'investigating','ปกติ',0,'วิทยาลัยเทคนิค','internal',
 'วิทยาลัยเทคนิคชายฝั่ง',
 'ตรวจสอบข้อเท็จจริงและความรับผิดทางละเมิดของเจ้าหน้าที่ กรณีทรัพย์สินราชการสูญหาย',
 'o4','g',48,'2025-05-14','2025-07-01'),

('CMP-2568-0160','—',
 'ร้องเรียนพฤติกรรมไม่เหมาะสมของบุคลากร',
 'discipline','งานวินัย','ศูนย์ดำรงธรรม','restricted',
 'received','เร่งด่วน',0,'นายเดชา ร้องเรียน','decha•••@email.com',
 'อยู่ระหว่างตรวจสอบ',
 'เรื่องส่งต่อจากศูนย์ดำรงธรรม รอการคัดกรองและลงทะเบียนรับเรื่อง',
 NULL,'r',3,'2025-05-21',NULL),

('CMP-2568-0108','นต ๖๘/๐๐๘',
 'งานอุทธรณ์คำสั่งทางปกครอง',
 'discipline','งานอุทธรณ์','หนังสือราชการ','internal',
 'investigating','ปกติ',0,'นายสมบัติ คงมั่น','internal',
 'วิทยาลัยสารพัดช่าง',
 'พิจารณาอุทธรณ์คำสั่งทางปกครอง รวบรวมข้อเท็จจริงและข้อกฎหมายเพื่อเสนอความเห็น',
 'o1','a',70,'2025-04-10','2025-06-10')
ON DUPLICATE KEY UPDATE subject=VALUES(subject);

-- ----------------------------------------------------------------
-- Case events (timeline)
-- ----------------------------------------------------------------
INSERT INTO case_events (case_id, title, actor, moment, detail, ev_status, icon, sort_order) VALUES
-- CMP-2568-0142
('CMP-2568-0142','รับเรื่องผ่านเว็บไซต์','ระบบอัตโนมัติ','2 พ.ค. 2568 09:14','ออกรหัสติดตาม CMP-2568-0142 และส่งอีเมลยืนยัน','done','inbox',1),
('CMP-2568-0142','คัดกรอง — รับเรื่อง','ธุรการ กลุ่มนิติการ','2 พ.ค. 2568 14:30','ผ่านการคัดกรอง ไม่พบสแปม จัดประเภทเป็นงานร้องเรียน (ด้านวินัย)','done','filter',2),
('CMP-2568-0142','ลงทะเบียนเลขรับ นต ๖๘/๐๔๒','ธุรการ กลุ่มนิติการ','3 พ.ค. 2568 08:50','แปลงเป็นสำนวน ย้ายไฟล์เข้าคลังสำนวน','done','hash',3),
('CMP-2568-0142','เสนอ ผอ.กลุ่มนิติการ','ธุรการ','3 พ.ค. 2568 11:20','ผอ.มอบหมายให้กลุ่มงานวินัยดำเนินการ','done','forward',4),
('CMP-2568-0142','แต่งตั้งผู้สอบสวน','ผอ.กลุ่มงานวินัย','5 พ.ค. 2568 10:00','มอบหมาย นายประสิทธิ์ ยุติธรรม เป็นนิติกรเจ้าของเรื่อง','done','gavel',5),
('CMP-2568-0142','อยู่ระหว่างสอบสวน','ประสิทธิ์ ยุติธรรม','กำลังดำเนินการ','อยู่ระหว่างรวบรวมพยานเอกสารและสอบปากคำผู้เกี่ยวข้อง','active','clock',6),

-- CMP-2568-0151
('CMP-2568-0151','รับหนังสือเข้ากลุ่มนิติการ','ธุรการ','10 พ.ค. 2568 09:00','นำเข้าจากหนังสือราชการ','done','inbox',1),
('CMP-2568-0151','ลงทะเบียนเลขรับ นต ๖๘/๐๕๑','ธุรการ','10 พ.ค. 2568 10:15','จัดประเภทเป็นงานร้องทุกข์','done','hash',2),
('CMP-2568-0151','เสนอ ผอ.กลุ่มนิติการ','ธุรการ','11 พ.ค. 2568','มอบหมายกลุ่มงานวินัย','done','forward',3),
('CMP-2568-0151','แต่งตั้งผู้สอบสวน','ผอ.กลุ่มงานวินัย','12 พ.ค. 2568','มอบหมาย นางสมหญิง วินัยธรรม','active','gavel',4),

-- CMP-2568-0133
('CMP-2568-0133','รับเรื่องเข้ากลุ่มนิติการ','ธุรการ','22 เม.ย. 2568','','done','inbox',1),
('CMP-2568-0133','ลงทะเบียนเลขรับ นต ๖๘/๐๓๓','ธุรการ','22 เม.ย. 2568','จัดเป็นงานนิติกรรมสัญญา','done','hash',2),
('CMP-2568-0133','มอบหมายนิติกร','ผอ.กลุ่มงานกฎหมายฯ','23 เม.ย. 2568','นายวรพล นิติกุล','done','gavel',3),
('CMP-2568-0133','ตรวจร่าง/ให้ความเห็น','วรพล นิติกุล','15 พ.ค. 2568','จัดทำบันทึกความเห็นทางกฎหมาย','done','scale',4),
('CMP-2568-0133','สรุปเสนอ ผอ.กลุ่มงาน','วรพล นิติกุล','กำลังดำเนินการ','รอเสนอตามลำดับชั้น','active','forward',5),

-- CMP-2568-0148
('CMP-2568-0148','รับเรื่องผ่านเว็บไซต์ (นิรนาม)','ระบบอัตโนมัติ','18 พ.ค. 2568 22:41','ผ่าน CAPTCHA และการตรวจสแปมเบื้องต้น','done','inbox',1),
('CMP-2568-0148','รอคัดกรอง','คิวคัดกรอง','รอดำเนินการ','เคสความเสี่ยงสูง ส่งเข้าคิวตรวจสอบโดยเจ้าหน้าที่','active','filter',2),

-- CMP-2568-0119
('CMP-2568-0119','รับเรื่อง','ธุรการ','30 มี.ค. 2568','','done','inbox',1),
('CMP-2568-0119','มอบหมายนิติกร','ผอ.กลุ่มงานกฎหมายฯ','31 มี.ค. 2568','นายกานต์ ระเบียบกิจ','done','gavel',2),
('CMP-2568-0119','จัดทำความเห็น/ออกบันทึก','กานต์ ระเบียบกิจ','10 พ.ค. 2568','','done','scale',3),
('CMP-2568-0119','ออกเลขคำสั่ง / เสร็จสิ้น','ธุรการ','14 พ.ค. 2568','แจ้งผลกลับหน่วยงาน ปิดสำนวน','done','stamp',4),

-- CMP-2568-0156
('CMP-2568-0156','รับเรื่อง / ลงทะเบียน','ธุรการ','14 พ.ค. 2568','นต ๖๘/๐๕๖','done','hash',1),
('CMP-2568-0156','มอบหมายนิติกร','ผอ.กลุ่มงานกฎหมายฯ','16 พ.ค. 2568','นายวรพล นิติกุล','done','gavel',2),
('CMP-2568-0156','สอบสวนข้อเท็จจริง','วรพล นิติกุล','กำลังดำเนินการ','','active','clock',3),

-- CMP-2568-0160
('CMP-2568-0160','รับเรื่องส่งต่อ','ธุรการ','21 พ.ค. 2568','รอคัดกรองและลงทะเบียน','active','inbox',1),

-- CMP-2568-0108
('CMP-2568-0108','รับเรื่อง / ลงทะเบียน','ธุรการ','10 เม.ย. 2568','นต ๖๘/๐๐๘','done','hash',1),
('CMP-2568-0108','มอบหมายนิติกร','ผอ.กลุ่มงานวินัย','12 เม.ย. 2568','นางสมหญิง วินัยธรรม','done','gavel',2),
('CMP-2568-0108','พิจารณาอุทธรณ์','สมหญิง วินัยธรรม','กำลังดำเนินการ','','active','clock',3);

-- ----------------------------------------------------------------
-- SLA settings (ค่าเริ่มต้น)
-- ----------------------------------------------------------------
INSERT INTO sla_settings (track, cat, days, note) VALUES
('discipline', 'งานร้องเรียน',          90, NULL),
('discipline', 'งานวินัย',             120, NULL),
('discipline', 'งานอุทธรณ์',            60, NULL),
('discipline', 'งานร้องทุกข์',          90, NULL),
('legal',      'ระเบียบ/กฎหมาย/คำสั่ง', 30, NULL),
('legal',      'นิติกรรมสัญญา',         30, NULL),
('legal',      'คดีปกครอง/แพ่ง/อาญา',  60, NULL),
('legal',      'ความรับผิดทางละเมิด',   90, NULL)
ON DUPLICATE KEY UPDATE days=VALUES(days);

-- ----------------------------------------------------------------
-- lookup_items (รายการอ้างอิง dropdown)
-- ----------------------------------------------------------------
INSERT INTO lookup_items (category, name, sort_order) VALUES
('group_name', 'กลุ่มงานกฎหมายและระเบียบ', 1),
('group_name', 'กลุ่มงานวินัย',             2),
('group_name', 'ฝ่ายบริหารงานทั่วไป',       3),
('job_title',  'นิติกรชำนาญการพิเศษ',       1),
('job_title',  'นิติกรชำนาญการ',            2),
('job_title',  'นิติกรปฏิบัติการ',          3),
('job_title',  'พนักงานบริหารทั่วไป',       4),
('job_title',  'นักวิชาการศึกษา',           5),
('order_template', 'เห็นชอบแต่งตั้งคณะกรรมการสืบสวนหาข้อเท็จจริง',          10),
('order_template', 'เห็นชอบแต่งตั้งคณะกรรมการสอบสวนวินัยอย่างร้ายแรง',      20),
('order_template', 'เห็นชอบแต่งตั้งคณะกรรมการสอบสวนวินัยอย่างไม่ร้ายแรง',   30),
('order_template', 'คืนเรื่อง เนื่องจากไม่อยู่ในความรับผิดชอบของสำนักนิติการ', 40),
('order_template', 'เห็นชอบให้ชี้แจงข้อเท็จจริง',                          50),
('order_template', 'เห็นชอบให้สถาบันดำเนินการ',                            60),
('order_template', 'เห็นชอบให้ลงโทษ',                                      70)
ON DUPLICATE KEY UPDATE sort_order=VALUES(sort_order);

-- ----------------------------------------------------------------
-- role_labels (ชื่อบทบาทเริ่มต้น)
-- ----------------------------------------------------------------
INSERT INTO role_labels (role, label) VALUES
('officer',          'เจ้าหน้าที่นิติการ / ธุรการ'),
('dir_legal',        'ผอ.กลุ่มนิติการ'),
('dir_admin',        'ผอ.สำนักอำนวยการ'),
('secretary',        'เลขาธิการ สอศ.'),
('deputy_secretary', 'รองเลขาธิการ สอศ.'),
('admin',            'ผู้ดูแลระบบ')
ON DUPLICATE KEY UPDATE label=VALUES(label);

-- ----------------------------------------------------------------
-- Case files
-- ----------------------------------------------------------------
INSERT INTO case_files (case_id, filename, size_label, cls) VALUES
('CMP-2568-0142','คำร้องเรียน.pdf','242 KB','restricted'),
('CMP-2568-0142','สำเนา-TOR.pdf','1.1 MB','restricted'),
('CMP-2568-0142','ภาพถ่ายครุภัณฑ์.zip','8.4 MB','internal'),
('CMP-2568-0151','หนังสือร้องทุกข์.pdf','180 KB','internal'),
('CMP-2568-0151','คำสั่งย้าย-เลขที่.pdf','95 KB','internal'),
('CMP-2568-0133','ร่างสัญญา-v3.docx','320 KB','internal'),
('CMP-2568-0148','เอกสารแนบ-นิรนาม.pdf','410 KB','restricted'),
('CMP-2568-0119','บันทึกตอบข้อหารือ.pdf','150 KB','internal'),
('CMP-2568-0156','รายงานข้อเท็จจริง.pdf','275 KB','restricted'),
('CMP-2568-0160','เรื่องจากศูนย์ดำรงธรรม.pdf','198 KB','restricted'),
('CMP-2568-0108','คำอุทธรณ์.pdf','210 KB','internal');
